{"stats":{"minecraft:used":{"minecraft:sand":3,"minecraft:potato":8,"minecraft:apple":1,"minecraft:rabbit":1},"minecraft:mined":{"minecraft:sand":3},"minecraft:picked_up":{"minecraft:sand":3,"minecraft:rotten_flesh":2,"minecraft:rabbit":1,"minecraft:rabbit_hide":1},"minecraft:custom":{"minecraft:jump":190,"minecraft:open_chest":5,"minecraft:time_since_rest":10189,"minecraft:leave_game":1,"minecraft:walk_on_water_one_cm":794,"minecraft:sprint_one_cm":37349,"minecraft:play_time":10189,"minecraft:damage_taken":265,"minecraft:time_since_death":10189,"minecraft:walk_one_cm":25052,"minecraft:total_world_time":10189,"minecraft:walk_under_water_one_cm":900,"minecraft:swim_one_cm":1774,"minecraft:fall_one_cm":7248,"minecraft:fly_one_cm":52643}},"DataVersion":3465}